Data,Temp_Med,VPD,Delta_T,Manejo_Realizado
27/01/2026,21.77,0.6,2.9,"Caderno de Campo
Teste de sistema: ConfiguraÃ§Ã£o final concluÃ­da"
27/01/2026,21.77,0.6,2.9,Nenhum manejo registrado hoje.
27/01/2026,21.77,0.6,2.9,Nenhum manejo registrado hoje.
27/01/2026,18.06,0.12,0.7,Chuva ao final da tarde com muito volume de Ã¡gua nÃ£o houve possibilidades para fazer a fertirrigaÃ§Ã£o. O sistema nÃ£o preveu a chuva
27/01/2026,0.12,0.7,Nenhum manejo registrado hoje.,"ğŸ‘¨â€ğŸ”¬ PARECER TÃ‰CNICO DO ENGENHEIRO AGRÃ”NOMO: As condiÃ§Ãµes climÃ¡ticas atuais favorecem a absorÃ§Ã£o nutricional. Com a cultura aos 63 dias, a prioridade Ã© a manutenÃ§Ã£o da arquitetura radicular e sanidade das folhas baixeiras."
27/01/2026,17.93,0.12,0.7,1.3,Nenhum manejo registrado pelo usuÃ¡rio hoje.,"ğŸ‘¨â€ğŸ”¬ PARECER TÃ‰CNICO ESTRATÃ‰GICO: | As condiÃ§Ãµes termo-hÃ­dricas estÃ£o ideais para a atividade metabÃ³lica. O momento Ã© oportuno para bioestimulantes e nutriÃ§Ã£o foliar. Aos 63 dias, a cultura demanda estabilidade para consolidar a estrutura produtiva."
27/01/2026,17.5,0.08,Nenhum manejo registrado hoje.,ğŸ‘¨â€ğŸ”¬ **PARECER TÃ‰CNICO:** Janela fisiolÃ³gica excelente. Otimizar fertirrigaÃ§Ã£o para ganho de calibre de fruto. Cultura com 63 dias: Monitorar vigor vegetativo vs. reprodutivo.
27/01/2026,17.5,0.08,Nenhum manejo registrado hoje.,"ğŸ‘¨â€ğŸ”¬ **PARECER TÃ‰CNICO CONCLUSIVO:** As condiÃ§Ãµes fisiolÃ³gicas estÃ£o Ã³timas. A planta estÃ¡ receptiva a bioestimulantes e carga de frutificaÃ§Ã£o. Aos 63 dias, o foco Ã© equilibrar a relaÃ§Ã£o Fonte (Folha) x Dreno (Fruto)."
27/01/2026,18.65,0.13,Nenhum manejo registrado hoje.,âœ… OperaÃ§Ã£o nominal (Modo Offline).
27/01/2026,18.65,0.13,Nenhum manejo registrado hoje.,OperaÃ§Ã£o nominal. As condiÃ§Ãµes climÃ¡ticas regem o manejo preventivo hoje.
27/01/2026,18.65,0.13,Nenhum manejo registrado hoje.,OperaÃ§Ã£o nominal (Sem validaÃ§Ã£o externa: The only string that can be passed as a tool is 'code_execution'.). Siga o manejo preventivo padrÃ£o.
27/01/2026,18.65,0.13,Nenhum manejo registrado hoje.,OperaÃ§Ã£o nominal. Siga o manejo preventivo padrÃ£o baseado nos indicadores climÃ¡ticos.
27/01/2026,18.65,0.13,Nenhum manejo registrado hoje.,OperaÃ§Ã£o nominal. Siga o manejo preventivo padrÃ£o baseado nos indicadores climÃ¡ticos.
27/01/2026,18.65,0.13,"chuva com muito volume de Ã¡gua pelo final da tarde, o sistema nÃ£o preveu estÃ¡ chuva. NÃ£o ouve possibilidades para fazer a fertirrigaÃ§Ã£o",OperaÃ§Ã£o nominal. Siga o manejo preventivo padrÃ£o baseado nos indicadores climÃ¡ticos.
27/01/2026,18.65,0.13,"chuva intensa no final da tarde, com muito volume de Ã¡gua, o sistema nao preveu esta chuva. NÃ£o teve possibilidades de fazer a fertirrigaÃ§Ã£o dos mirtilos, amora e framboesa.","âš ï¸ **ANÃLISE DE BACKUP (IA OFFLINE):** | â€¢ VocÃª relatou chuva nÃ£o prevista. Isso anula o dado do sensor. Risco Imediato: LixiviaÃ§Ã£o de NitrogÃªnio/PotÃ¡ssio e Anoxia (falta de ar na raiz). | â€¢ Sobre a nutriÃ§Ã£o: Se choveu muito apÃ³s a aplicaÃ§Ã£o, considere que parte foi perdida (lavada). Monitore sinais de deficiÃªncia nos prÃ³ximos 3 dias. | â€¢ DecisÃ£o correta de suspender a fertirrigaÃ§Ã£o. Com o solo encharcado, a planta nÃ£o absorveria e apenas salinizaria o solo. | "
27/01/2026,18.65,0.13,"houve chuvas fortes no final da tarde com muito volume de Ã¡gua, o sistema nao preveu. nao teve possibilidades pra fazer a fertirrigaÃ§Ã£o","âš ï¸ **ANÃLISE DE BACKUP (IA OFFLINE - REVISE SUA API KEY):** | â€¢ O sistema detectou seu relato de chuva. Risco Imediato: LixiviaÃ§Ã£o de NitrogÃªnio/PotÃ¡ssio e Anoxia. | â€¢ Se choveu apÃ³s a aplicaÃ§Ã£o, considere perda de nutrientes. | "
27/01/2026,18.65,0.13,Nenhum manejo registrado hoje.,"ğŸš¦ **DASHBOARD OPERACIONAL:** â€¢ Delta T (PulverizaÃ§Ã£o): 0.7Â°C | VPD: 0.13 kPa âš ï¸ **ANÃLISE FÃSICA (VPD BAIXO < 0.4 kPa):** O ar estÃ¡ saturado. A planta nÃ£o consegue transpirar. **ConsequÃªncia:** A 'bomba hidrÃ¡ulica' do xilema desliga. Nutrientes do solo nÃ£o sobem para as folhas. Risco altÃ­ssimo de gutaÃ§Ã£o e doenÃ§as fÃºngicas. ğŸ“ **REGISTRO DE CAMPO & CONSULTORIA DINÃ‚MICA:** â€¢ Seu Relato: ""Nenhum manejo registrado hoje."" ğŸ‘¨â€ğŸ”¬ **PARECER TÃ‰CNICO:** âœ… **OPERAÃ‡ÃƒO NOMINAL:** O manejo relatado segue o padr"
